"timestamp","bbMiddle","bbUpper","bbLower","bbPb","ema55","ema400","ema800","macd","signal","histogram","kalman","slope","support","resistance","trend","pocPrice","vah","val","spikes"
"2025-01-24T14:45:00.000Z",105238.8335,105998.90767102194,104478.75932897805,0.9495985563363314,105299.3173767141,105098.1162243299,105052.835194854,559.8593761564989,197.48858271589248,362.37079344060646,105216.27796498404,105504.80845019741,105049.39947895342,105773.92135598503,-195.48394108278444,,,,
"2025-01-24T14:40:00.000Z",105208.88999999998,105863.39138707834,104554.38861292163,1.2726950774811163,105273.88992270242,105093.98502745938,105050.6588373943,431.8333732702158,182.69793808566362,249.1354351845522,105192.62806076236,105499.65861838734,105045.7023164451,105769.13047743,-271.80519457615446,,,,932.8800000000047
"2025-01-24T14:35:00.000Z",105184.85749999997,105624.29866271937,104745.41633728056,0.735517877659775,105235.25889913925,105088.33908774739,105047.73094962806,90.21351334697101,172.52914481282474,-82.31563146585373,105158.96358366894,105494.50878657727,105042.00515393677,105764.33959887494,-65.99836122768465,,,,1370.3500000000058
"2025-01-24T14:30:00.000Z",105191.61799999997,105656.40621868134,104726.8297813186,0.13667538631018558,105228.86742563473,105086.81772979125,105046.8695752842,-14.913828149728943,175.88896650530856,-190.8027946550375,105162.7197059431,105489.3589547672,105038.30799142845,105759.5487203199,68.45298826665385,,,,713.3700000000099
"2025-01-24T14:25:00.000Z",105219.81749999998,105657.32059183726,104782.3144081627,0.5773165964564059,105244.17303484431,105087.98533745937,105047.35265306965,92.93051500289585,183.67683567490192,-90.74632067200608,105189.84213063537,105484.20912295712,105034.61082892011,105754.75784176485,-39.887844733311795,,,,
"2025-01-24T14:20:00.000Z",105228.43800000001,105683.9855894185,104772.89041058152,0.42311670434978466,105242.40581177674,105086.98541433887,105046.75160839649,40.65336435451172,187.38076713090214,-146.72740277639042,105198.81877891334,105479.05929114706,105030.91366641178,105749.96696320981,-7.847243698779494,,,,
"2025-01-24T14:15:00.000Z",105239.9135,105701.5556791601,104778.27132083989,0.4314582777995649,105245.83502858396,105086.62749661626,105046.47216311087,25.635671423806343,193.36964071361194,-167.7339692898056,105213.92550095927,105473.90945933698,105027.21650390346,105745.17608465475,-12.53385233139852,,,,
"2025-01-24T14:10:00.000Z",105246.9325,105708.8973751444,104784.96762485559,0.25217542250542824,105248.6597236282,105086.17635624843,105046.14636126635,-6.0966041883366415,200.21592517442033,-206.31252936275698,105228.71833042889,105468.75962752692,105023.51934139513,105740.38520609972,27.138252701843157,,,,
"2025-01-24T14:05:00.000Z",105266.35899999998,105716.4976448848,104816.22035511516,0.19178496097465977,105258.07603887832,105086.51829287123,105046.21691536214,24.621335218893364,208.63684474024714,-184.01550952135378,105250.48210497142,105463.60979571685,105019.82217888681,105735.59432754468,34.58933113288367,,,,
"2025-01-24T14:00:00.000Z",105282.7635,105704.2875518994,104861.2394481006,0.431826547333384,105269.06363230191,105087.00770787308,105046.36043705266,85.26173426209425,216.1476818635677,-130.88594760147345,105273.37529232014,105458.45996390677,105016.12501637849,105730.80344898962,-24.526055935712066,,,,
"2025-01-24T13:55:00.000Z",105287.577,105708.26195256991,104866.8920474301,0.30112552281959826,105270.85031117138,105086.31456355166,105045.91255329059,59.44459965110582,221.48996543913805,-162.04536578803223,105286.2810445155,105453.31013209671,105012.42785387015,105726.01257043458,1.5973773712175898,,,,
"2025-01-24T13:50:00.000Z",105301.991,105716.11609024297,104887.86590975702,0.38045761735674233,105276.99726264775,105086.14446111332,105045.72647707854,72.36928369081579,228.10406200191485,-155.73477831109906,105303.82313835541,105448.16030028663,105008.73069136182,105721.22169187953,-19.201595934282523,,,,
"2025-01-24T13:45:00.000Z",105304.9095,105715.88275380392,104893.93624619607,0.26348886673200916,105280.01837540888,105085.55881931438,105045.33285123894,50.721797891834285,234.46058356563316,-183.73878567379887,105317.9217754238,105443.01046847657,105005.0335288535,105716.43081332449,3.80782305583125,,,,
"2025-01-24T13:40:00.000Z",105308.84149999998,105710.31407567258,104907.36892432738,0.18950369825098998,105286.93708460924,105085.43375073952,105045.16970443353,63.7321750697738,241.9601258380331,-178.2279507682593,105335.94732510373,105437.86063666649,105001.33636634517,105711.63993476945,16.57890331262024,,,,
"2025-01-24T13:35:00.000Z",105329.603,105713.87530734696,104945.33069265305,0.2639915802776886,105296.21900643002,105085.56359410164,105045.13375876252,108.42029461229686,249.23473607347222,-140.81444146117536,105355.86578245458,105432.71080485643,104997.63920383685,105706.8490562144,-5.602904671104625,,,,
"2025-01-24T13:30:00.000Z",105342.674,105714.5853501898,104970.7626498102,0.2580552463535294,105302.25978220267,105085.24952690415,105044.87572061174,131.6163061667321,254.98226429637734,-123.36595812964524,105371.6880200781,105427.56097304636,104993.94204132853,105702.05817765936,-9.331865663989447,,,,
"2025-01-24T13:25:00.000Z",105357.01199999999,105718.22720036536,104995.79679963461,0.3866022250487717,105307.95569168033,105084.86125385606,105044.58076622029,159.08249575026275,260.01760952615876,-100.93511377589601,105386.6154298796,105422.41114123628,104990.2448788202,105697.26729910431,-37.65332222246798,,,,
"2025-01-24T13:20:00.000Z",105360.152,105718.52584108638,105001.77815891363,0.09893557084330143,105309.2971484836,105083.90772630647,105044.00377189292,144.46289810298185,264.1374100884402,-119.67451198545837,105396.57357174721,105417.26130942622,104986.54771631186,105692.47642054927,12.803453145897947,,,,
"2025-01-24T13:15:00.000Z",105368.5865,105695.04063281148,105042.13236718853,0.11446881092882895,105318.95458311557,105083.963955511,105043.931966566,222.2469811031624,269.0220840470304,-46.77510294386798,105414.76785305169,105412.11147761614,104982.85055380354,105687.68554199421,1.7630721325986087,,,,
"2025-01-24T13:10:00.000Z",105374.053,105678.88206543053,105069.22393456947,0.32084549607214297,105327.20293344682,105083.79901293211,105043.74939326578,317.08239198912634,270.9312719222903,46.15112006683603,105430.41046189454,105406.96164580608,104979.15339129521,105682.89466343918,-35.403023565595504,,,,
"2025-01-24T13:05:00.000Z",105374.56050000002,105678.30127850974,105070.8197214903,0.4158155512556784,105329.74876746505,105082.89158943805,105043.19600000737,386.01551794380066,269.0475527358888,116.96796520791185,105439.24020881279,105401.811813996,104975.45622878689,105678.10378488414,-50.4219397334964,,,,474.8999999999942
"2025-01-24T13:00:00.000Z",105377.45500000003,105679.78435067782,105075.12564932225,1.0990900307691898,105330.00708450444,105081.68593324475,105042.49456321141,459.96472782800265,264.2733500743414,195.69137775366124,105445.26277387707,105396.66198218593,104971.75906627857,105673.31290632908,-155.31210382614518,,,,
"2025-01-24T12:55:00.000Z",105361.67550000001,105584.2071780083,105139.14382199172,0.8715976562982227,105313.2849246883,105078.38761712066,105040.74936812559,364.23837448845734,256.2859469007226,107.95242758773475,105433.85390523095,105391.51215037587,104968.06190377024,105668.52202777404,-103.16861728788354,,,,
"2025-01-24T12:50:00.000Z",105359.4945,105572.98084184577,105146.00815815423,0.6367195191394672,105304.55941141027,105076.13863274534,105039.53206992314,324.27035466834786,251.87972536652933,72.39062930181854,105432.08276755748,105386.36231856579,104964.36474126192,105663.73114921899,-76.59105732745957,,,,
"2025-01-24T12:45:00.000Z",105357.61750000001,105568.86416755879,105146.37083244123,0.7420452383504299,105299.93448942702,105074.4256935611,105038.58504131218,317.2527875594242,248.92500580318978,68.3277817562344,105435.16418007137,105381.21248675573,104960.66757875358,105658.94027066395,-87.75461954501225,,,,
"2025-01-24T12:40:00.000Z",105352.74799999999,105555.766145987,105149.72985401299,0.5865735420572984,105293.40610124037,105072.49359177444,105037.53048572097,285.08412990633224,246.1361167519149,38.94801315441734,105436.57635074001,105376.06265494565,104956.97041624525,105654.14939210891,-70.39644416217925,,,,
"2025-01-24T12:35:00.000Z",105354.44449999998,105560.12285454826,105148.76614545171,0.4089974730636956,105289.54920741344,105070.91260727205,105036.6534656602,271.50397524911386,244.54640192928562,26.957573319828242,105441.12638319316,105370.91282313559,104953.27325373693,105649.35851355386,-53.18023443396669,,,,
"2025-01-24T12:30:00.000Z",105359.504,105566.81032895549,105152.19767104452,0.6133250495456263,105288.42835873643,105069.67903638119,105035.95169711368,285.44083740055794,243.4460928141906,41.99474458636735,105448.56335775451,105365.76299132551,104949.5760912286,105644.56763499882,-76.07703682297142,,,,
"2025-01-24T12:25:00.000Z",105351.44449999998,105565.81762936135,105137.07137063862,0.41959230127702096,105283.60951623588,105067.99076087432,105035.02419197504,261.4440497982723,241.73202160658374,19.712028191688574,105452.05035353873,105360.61315951544,104945.87892872028,105639.77675644377,-54.22695327724796,,,,
"2025-01-24T12:20:00.000Z",105342.05849999997,105587.94887715956,105096.16812284038,0.4583178076410287,105282.24786383734,105066.7427446381,105034.3184452716,268.924471370774,240.92744902733114,27.997022343442836,105459.17968538655,105355.46332770538,104942.18176621196,105634.98587788873,-55.82768353779102,,,,
"2025-01-24T12:15:00.000Z",105344.30099999998,105590.23727171229,105098.36472828766,0.6305805759208087,105280.64328685112,105065.4654651626,105033.59944263147,277.2553588507144,239.78471342147634,37.47064542923806,105465.79580767541,105350.3134958953,104938.48460370362,105630.19499933367,-78.11222106829518,,,,
"2025-01-24T12:10:00.000Z",105341.37449999999,105584.58653795184,105098.16246204815,0.33548408895815157,105275.42342100831,105063.7458434341,105032.66094311365,246.07039258586883,238.25529932232374,7.815093263545094,105468.4681444741,105345.16366408524,104934.7874411953,105625.40412077864,-41.80588354502106,,,,
"2025-01-24T12:05:00.000Z",105345.66299999999,105584.506548963,105106.81945103696,0.17235246528633713,105275.99784635559,105062.7553464087,105032.0885049237,271.29400762123987,237.9363159238117,33.35769169742818,105477.06043002174,105340.01383227516,104931.09027868697,105620.6132422236,-24.04119917046046,,,,
"2025-01-24T12:00:00.000Z",105349.799,105575.5996093465,105123.9983906535,0.7767065163412414,105279.54265641092,105062.12178924785,105031.69535975455,344.3772417970613,236.57477748718196,107.80246430987933,105488.03884483917,105334.8640004651,104927.39311617865,105615.82236366854,-95.93140481592854,,,,
"2025-01-24T11:55:00.000Z",105329.2325,105592.08182873642,105066.38317126357,0.6529535958614346,105271.57460157054,105060.0534272892,105030.58631184406,312.31511927815154,232.17467690310525,80.14044237504629,105486.3654829458,105329.71416865502,104923.69595367032,105611.0314851135,-80.3493401966989,,,,
"2025-01-24T11:50:00.000Z",105315.36299999998,105594.63478821667,105036.09121178329,0.7401012305187854,105265.93927918565,105058.30111364153,105029.63749159836,295.4317062094924,228.90363843881764,66.52806777067477,105487.25060161085,105324.56433684495,104919.998791162,105606.24060655845,-90.98514079087181,,,,
"2025-01-24T11:45:00.000Z",105304.13950000002,105576.42048233663,105031.85851766341,0.5619773362618758,105258.4482293565,105056.340367344,105028.58659670874,249.52386243251385,226.18820710123907,23.33565533127478,105486.17648011654,105319.41450503489,104916.30162865367,105601.44972800341,-63.70500630728202,,,,
"2025-01-24T11:40:00.000Z",105295.77550000002,105576.69479885146,105014.85620114858,0.40318304897097973,105255.20570810574,105054.92909098984,105027.81237041765,234.92225367494393,225.23573137343195,9.686522301511985,105489.49411701744,105314.26467322481,104912.60446614533,105596.65884944837,-40.00037145160604,,,,
"2025-01-24T11:35:00.000Z",105287.20750000002,105592.91802012843,104981.4969798716,0.40022014948259665,105255.7700227223,105053.99449996723,105027.27778310956,260.09251702991605,224.84036311622737,35.25215391368869,105496.25814655673,105309.11484141475,104908.90730363701,105591.86797089332,-36.52575116575463,,,,
"2025-01-24T11:30:00.000Z",105283.67050000001,105596.14741519485,104971.19358480517,0.4860941727573817,105256.97696242525,105053.13131450341,105026.7798551574,304.8992109922983,223.40149969117886,81.49771130111947,105502.79386245113,105303.96500960467,104905.21014112869,105587.07709233828,-49.07465278956806,,,,
"2025-01-24T11:25:00.000Z",105277.52549999999,105598.13972813044,104956.91127186954,0.6618526111663731,105256.24214456505,105052.0192910172,105026.15857819909,347.53649722634873,220.0750624952148,127.46143473113392,105506.34681878412,105298.8151777946,104901.51297862036,105582.28621378323,-76.15902031393489,,,,
"2025-01-24T11:20:00.000Z",105266.62350000002,105587.19192641969,104946.05507358034,0.7456363244485743,105251.13733413913,105050.36871102231,105025.26958840733,358.3099713430129,214.8725549551685,143.43741638784437,105504.60525822274,105293.66534598454,104897.81581611204,105577.49533522819,-87.50409544882132,,,,
"2025-01-24T11:15:00.000Z",105260.3965,105568.79616705915,104951.99683294086,0.8616143657464213,105244.07722532848,105048.49532110263,105024.27123944214,352.4677024453558,209.01796653117486,143.44973591418096,105500.44784242437,105288.51551417446,104894.11865360371,105572.70445667313,-103.08152294019237,,,,
"2025-01-24T11:10:00.000Z",105250.975,105532.72596112304,104969.22403887697,0.7295555612026989,105234.30731615821,105046.31514727358,105023.12188084249,313.40938804838515,203.16287526937157,110.24651277901359,105493.2928634818,105283.3656823644,104890.42149109539,105567.9135781181,-78.01219430693891,,,,
"2025-01-24T11:05:00.000Z",105254.1085,105546.7110681572,104961.50593184281,0.6852025781635971,105228.34720661365,105044.64088736016,105022.22774287214,304.7809156227886,198.66301760492203,106.11789801786657,105490.03595631784,105278.21585055432,104886.72432858705,105563.12269956306,-74.15083416126436,,,,
"2025-01-24T11:00:00.000Z",105266.66699999999,105615.0330316481,104918.30096835188,0.722701104447444,105222.87199055706,105043.04765872537,105021.37602257896,299.8400457490352,194.33167482868257,105.50837092035263,105486.8665379879,105273.06601874426,104883.02716607873,105558.331821008,-89.62704237783328,,,,
"2025-01-24T10:55:00.000Z",105281.153,105698.73416636919,104863.57183363082,0.6640962416858947,105214.75125547776,105041.14900037312,105020.37363465049,262.26755633846915,190.0252107094845,72.24234562898465,105480.51966713589,105267.91618693418,104879.3300035704,105553.54094245296,-89.41692712687654,,,,
"2025-01-24T10:50:00.000Z",105287.14450000001,105721.77180050263,104852.5171994974,0.4518616295483322,105206.4472250891,105039.25902042512,105019.37782397376,206.76581464224728,187.07654354095453,19.689271101292746,105473.76219333989,105262.76635512411,104875.63284106208,105548.75006389791,-46.727453455969226,,,,
"2025-01-24T10:45:00.000Z",105298.90700000004,105745.20092158507,104852.613078415,0.30992683095762263,105204.86139754171,105038.22623356008,105018.81231164328,208.16101904095558,186.2728998225344,21.888119218421167,105473.62332098048,105257.61652331405,104871.93567855375,105543.95918534287,-17.981971029075794,,,,
"2025-01-24T10:40:00.000Z",105317.91800000002,105767.11706608876,104868.71893391128,0.5539760694765161,105207.9475770332,105037.76997407919,105018.53587187268,267.1859048223705,185.37950720137437,81.80639762099614,105477.25904629593,105252.46669150397,104868.23851604543,105539.16830678782,-77.65446381090442,,,,
"2025-01-24T10:35:00.000Z",105319.30850000001,105769.69972384567,104868.91727615436,0.5340720448967985,105201.47972303456,105036.12265565353,105017.66509808513,238.10616269877937,182.0404705637827,56.06569213499668,105469.59513005395,105247.3168596939,104864.54135353709,105534.37742823278,-74.1442920640111,,,,
"2025-01-24T10:30:00.000Z",105327.22300000003,105789.09638207432,104865.34961792573,0.5215394529888363,105195.41767091352,105034.54933563173,105016.83322098397,201.79389189672656,179.75207496643588,22.04181693029068,105461.78789483178,105242.16702788383,104860.84419102877,105529.58654967774,-74.00198619143339,,,,
"2025-01-24T10:25:00.000Z",105335.505,105808.29681620323,104862.71318379678,0.4327029383555829,105189.22573911407,105032.98256538429,105016.00647059844,147.97227590838156,178.85240896928116,-30.880133060899595,105453.22708133448,105237.01719607376,104857.14702852044,105524.79567112269,-55.69713521981612,,,,
"2025-01-24T10:20:00.000Z",105339.47650000002,105810.90628574991,104868.04671425013,0.20722416323257264,105185.85250397587,105031.78513463434,105015.36601120069,103.71212730466505,180.11282256360357,-76.40069525893853,105446.92699412098,105231.86736426369,104853.44986601212,105520.00479256765,-3.8310519070364535,,,,
"2025-01-24T10:15:00.000Z",105353.6,105797.67117370135,104909.52882629866,0.2507719335224507,105190.84934087284,105031.62651375531,105015.24570084074,139.90437915318762,183.2312182884582,-43.326839135270575,105448.25271081511,105226.71753245362,104849.7527035038,105515.2139140126,-21.150153320922982,,,,
"2025-01-24T10:10:00.000Z",105365.53650000002,105791.08544865891,104939.98755134112,0.3348762222972068,105193.24115070439,105031.12213537814,105014.95282399678,160.04920398459944,184.9996607021427,-24.95045671754326,105444.99212196711,105221.56770064356,104846.05554099547,105510.42303545756,-44.6043711330276,,,,
"2025-01-24T10:05:00.000Z",105376.1385,105795.44160458806,104956.83539541194,0.25491655350141273,105191.9448711413,105030.15031650786,105014.42704883782,144.10669253623928,186.01804669061383,-41.91135415437455,105436.25271946209,105216.41786883348,104842.35837848714,105505.63215690252,-31.311250336875673,,,,
"2025-01-24T10:00:00.000Z",105395.156,105807.35118498522,104982.96081501478,0.10560432066709194,105192.81568220828,105029.446257944,105014.03610277733,146.6342556221498,187.7287142071189,-41.09445858496912,105428.42383918041,105211.26803702342,104838.6612159788,105500.84127834746,-6.324224146374036,,,,
"2025-01-24T09:55:00.000Z",105404.89350000003,105781.17726013617,105028.6097398639,0.16855665002685255,105197.82775086984,105029.24288079084,105013.89596786564,199.86788955837255,189.4060390473217,10.46185051105084,105423.28453966191,105206.11820521334,104834.96405347048,105496.05039979242,-27.831424259056803,,,,
"2025-01-24T09:50:00.000Z",105408.67300000002,105771.30448357701,105046.04151642304,0.14620694614130647,105199.55704682371,105028.61021352664,105013.54161484403,237.32594199715822,188.97902474074823,48.346917256409995,105412.67572580103,105200.96837340327,104831.26689096216,105491.25952123737,-27.211673560668714,,,,
"2025-01-24T09:45:00.000Z",105412.715,105759.81346013956,105065.61653986044,0.14067112268418638,105201.49488546957,105027.99131735385,105013.19483540684,294.8729159318318,187.0056811792621,107.86723475256971,105400.5314860675,105195.8185415932,104827.56972845383,105486.46864268233,-30.24311514745932,,,,
"2025-01-24T09:40:00.000Z",105402.857,105806.28648036956,104999.42751963045,0.37198877991590623,105203.05508487648,105027.31322871904,105012.8191779235,375.3481212094921,182.602936903647,192.7451843058451,105386.20033987921,105190.66870978313,104823.87256594551,105481.67776412728,-64.69213223608676,,,,
"2025-01-24T09:35:00.000Z",105384.58249999999,105859.98418225636,104909.18081774362,0.40579282389698124,105199.11570058572,105025.94853312365,105012.10140365048,428.2584917691129,174.73578652381656,253.52270524529632,105364.36856318903,105185.51887797307,104820.17540343718,105476.88688557224,-64.05223452165956,,,,
"2025-01-24T09:30:00.000Z",105372.13050000001,105880.4229160532,104863.83808394683,0.5697133163526985,105195.2016475484,105024.59985409169,105011.39324696374,509.2056832474336,164.38792100360038,344.8177622438333,105341.4013126834,105180.36904616299,104816.47824092886,105472.0960070172,-101.68764973641373,,,,
"2025-01-24T09:25:00.000Z",105350.53400000001,105893.31900551554,104807.74899448449,0.7423851039787627,105185.08742908099,105022.50261025256,105010.31287962197,556.7056957560999,150.31372662630108,406.3919691297988,105310.79154852754,105175.21921435292,104812.78107842052,105467.30512846215,-145.29393156117294,,,,
"2025-01-24T09:20:00.000Z",105318.291,105876.87826180986,104759.70373819013,0.8520121446430914,105167.59467108428,105019.53941531648,105008.8026240015,542.4430436964903,133.72629931488072,408.7167443816096,105271.99447560981,105170.06938254285,104809.0839159122,105462.51424990711,-170.965746116417,,,,
"2025-01-24T09:15:00.000Z",105273.7135,105847.17920910315,104700.24779089684,0.7304553662095736,105145.39241276118,105016.07069058124,105007.04355672743,471.12799793820886,117.04398321767215,354.08401472053674,105228.68932105681,105164.91955073278,104805.38675340387,105457.72337135205,-128.72098729858408,,,,
"2025-01-24T09:10:00.000Z",105235.41699999999,105849.00832251746,104621.82567748251,0.699752661913692,105129.36638879224,105013.45435319067,105005.71442920984,448.3286795884778,102.59157445356861,345.7371051349092,105193.05510822905,105159.7697189227,104801.68959089555,105452.93249279702,-115.27569176832912,,,,
"2025-01-24T09:05:00.000Z",105198.89949999998,105849.24954725699,104548.54945274298,0.7387717978263534,105115.03236384498,105011.11302162771,105004.52585456456,441.28652754098584,88.47985587663354,352.8066716643523,105159.7977820922,105154.61988711264,104797.99242838722,105448.14161424198,-123.40896778187016,,,,
"2025-01-24T09:00:00.000Z",105159.69950000002,105832.9391593838,104486.45984061624,0.6741731170551087,105098.93286849171,105008.61499166094,105003.26191427562,415.2493320920912,74.07958356380281,341.1697485282884,105125.14085998524,105149.47005530258,104794.2952658789,105443.35073568692,-95.42386972316308,,,,
"2025-01-24T08:55:00.000Z",105126.3845,105824.51618794804,104428.25281205196,0.7735196715697681,105086.88033251179,105006.68213447629,105002.28329578819,432.0043511532567,60.154287705505325,371.8500634477514,105095.64841560098,105144.3202234925,104790.59810337056,105438.55985713188,-124.77251299278578,,,,
"2025-01-24T08:50:00.000Z",105091.7595,105773.27446037665,104410.24453962335,0.8088710626156493,105069.67993792043,105004.16780933582,105001.01669577765,399.7169191084977,44.97673409539302,354.7401850131047,105061.02910506492,105139.17039168243,104786.90094086224,105433.76897857683,-126.8374829160166,,,,
"2025-01-24T08:45:00.000Z",105056.84550000001,105709.13550550345,104404.55549449657,0.7257082720229103,105051.5950374274,105001.61847504678,104999.73573631777,347.82861761968525,30.49754287036834,317.3310747493169,105026.56852333258,105134.02055987236,104783.20377835391,105428.97810002179,-87.27789262338774,,,,
"2025-01-24T08:40:00.000Z",105037.053,105668.83765917491,104405.26834082509,0.7444242634850755,105039.36218181218,104999.865685448,104998.85572564523,348.65495355169696,17.5452541050901,331.10969944660684,104999.91153962603,105128.87072806229,104779.50661584559,105424.18722146674,-86.5811285781092,,,,
"2025-01-24T08:35:00.000Z",105025.437,105633.98476441028,104416.88923558973,0.7839078706786831,105026.85043413105,104998.13117760564,104997.98702908865,351.699780893905,4.030572495024511,347.66920839888047,104973.79048275058,105123.72089625221,104775.80945333726,105419.3963429117,-93.52669138461351,,,,
"2025-01-24T08:30:00.000Z",105006.54250000001,105581.96721867935,104431.11778132067,0.8740693491478978,105012.8043294017,104996.26226120266,104997.05337959951,342.9941765466356,-10.16000743962367,353.1541839862592,104946.92375437156,105118.57106444215,104772.11229082894,105414.60546435666,-110.80689945083577,,,,
"2025-01-24T08:25:00.000Z",104982.65550000002,105502.58804457162,104462.72295542843,1.046517529950203,104995.48858774462,104994.05284897811,104995.95203636948,296.3118076458195,-24.57446392885874,320.88627157467823,104917.59447079645,105113.42123263208,104768.41512832062,105409.8145858016,-140.22580617893254,,,,
"2025-01-24T08:20:00.000Z",104952.73550000002,105357.81540311137,104547.65559688868,0.8851517905520637,104972.81628520359,104991.26133443665,104994.5627798898,168.80565049922734,-37.671862768641525,206.47751326786886,104883.83154499931,105108.271400822,104764.71796581228,105405.02370724657,-69.46072500286391,,,,
"2025-01-24T08:15:00.000Z",104932.49500000002,105298.27128780277,104566.71871219728,0.9081114740835587,104960.89980704864,104989.89036368196,104993.88641638514,117.82511372184672,-46.09951637141168,163.9246300932584,104864.95647502736,105103.12156901194,104761.02080330395,105400.23282869151,-61.51692093699239,,,,
"2025-01-24T08:10:00.000Z",104905.6385,105250.91594616423,104560.36105383578,0.9739398759401318,104949.87326856083,104988.68154344978,104993.29276536233,57.36667265591677,-52.79031759970795,110.15699025562472,104848.55861393047,105097.97173720186,104757.32364079563,105395.44195013648,-62.44350561173633,,,,
"2025-01-24T08:05:00.000Z",104885.907,105176.98733997293,104594.82666002709,0.6377678066602777,104938.32034074698,104987.45729053474,104992.69294750341,-34.84496637620032,-57.286521283610995,22.441554907410676,104832.96763453515,105092.8219053918,104753.6264782873,105390.65107158142,4.046341813227627,,,,
"2025-01-24T08:00:00.000Z",104882.9155,105170.65040528122,104595.18059471878,0.5889090949010737,104937.18606894073,104987.56429449732,104992.75948804786,-41.700808259498444,-58.20250311656653,16.501694857068088,104831.58312733809,105087.67207358172,104749.92931577898,105385.86019302638,12.120937871804927,,,,
"2025-01-24T07:55:00.000Z",104884.57750000001,105174.71942161716,104594.43557838287,0.7781268199721747,104937.31284726484,104987.83238619906,104992.90637037088,-36.07715684233699,-58.87604168216115,22.79888483982416,104832.35744907164,105082.52224177166,104746.23215327066,105381.06931447134,-15.859150506730657,,,,
"2025-01-24T07:50:00.000Z",104878.80499999998,105155.38015372181,104602.22984627815,0.7391122236038883,104932.87786143892,104987.54096958855,104992.77354526543,-82.89312555346987,-59.80660841031724,-23.086517143152633,104827.90649110805,105077.3724099616,104742.53499076232,105376.27843591629,-7.214161723095458,,,,
"2025-01-24T07:45:00.000Z",104874.4185,105141.86283910103,104606.97416089897,0.6764507342298806,104929.68634557928,104987.4230295865,104992.72774688061,-135.98626353390864,-58.86430158814774,-77.1219619457609,104826.03694345884,105072.22257815152,104738.83782825399,105371.48755736125,3.3454284246545285,,,,
"2025-01-24T07:40:00.000Z",104877.8165,105155.13664749147,104600.49635250853,0.39575856546488447,104928.08986988863,104987.51637810573,104992.7876411156,-194.76122902687348,-55.71646640668811,-139.04476262018537,104827.17627560506,105067.07274634145,104735.14066574567,105366.6966788062,40.71713532903232,,,,
"2025-01-24T07:35:00.000Z",104886.193,105167.5911136775,104604.7948863225,0.29727476046489654,104932.50170131266,104988.356059199,104993.22015085557,-209.2233355807257,-50.041169973211154,-159.18216560751455,104837.20972631495,105061.92291453137,104731.44350323734,105361.90580025116,53.04980292421533,,,,
"2025-01-24T07:30:00.000Z",104908.14550000003,105232.34319667552,104583.94780332454,0.2564055796514044,104939.04870952951,104989.44004947068,104993.77364309801,-206.7909640433063,-43.543938723924846,-163.24702531938146,104850.4825102264,105056.77308272131,104727.74634072902,105357.11492169612,58.950201493280474,,,,
"2025-01-24T07:25:00.000Z",104920.54650000001,105235.00248234044,104606.09051765958,0.18981906696749976,104946.75682012254,104990.63924771364,104994.38333932604,-191.76561957260128,-36.880794833337845,-154.88482473926342,104865.50747768852,105051.62325091123,104724.0491782207,105352.32404314107,65.6044407209265,,,,
"2025-01-24T07:20:00.000Z",,,,,104955.78893522958,104991.96841687511,104995.0564640803,-156.39297466358403,-30.558965252143416,-125.8340094114406,104882.47452134204,105046.47341910117,104720.35201571237,105347.53316458603,65.48739553109044,,,,
"2025-01-24T07:15:00.000Z",,,,,104965.08970809609,104993.29196783689,104995.72514108678,-103.88880451959267,-25.422883235349918,-78.46592128424275,104899.72673700981,105041.3235872911,104716.65485320403,105342.74228603097,43.93333208427066,,,,
"2025-01-24T07:10:00.000Z",,,,,104971.18357373266,104994.18170201153,104996.17554194057,-67.97195703559555,-22.220192570686947,-45.751764464908604,104911.71378008711,105036.17375548102,104712.95769069571,105337.95140747594,44.59530470194295,,,,
"2025-01-24T07:05:00.000Z",,,,,104977.57963796664,104995.08246242261,104996.63034930463,-13.007844958701753,-20.352773612935575,7.344928654233822,104924.24847294853,105031.02392367096,104709.26052818738,105333.16052892088,9.55792366003152,,,,
"2025-01-24T07:00:00.000Z",,,,,104978.4828884959,104995.28112138213,104996.73342902755,0.10580481373472139,-20.652566619230832,20.758371432965554,104927.20700326697,105025.87409186088,104705.56336567906,105328.36965036584,-30.04948052112013,,,,
"2025-01-24T06:55:00.000Z",,,,,104972.9687206794,104994.68814454695,104996.44094699758,-58.39775525317236,-21.499847085882486,-36.89790816728988,104918.57165544169,105020.72426005082,104701.86620317074,105323.5787718108,-0.03771026968024671,,,,
"2025-01-24T06:50:00.000Z",,,,,104972.14744397243,104994.69615529655,104996.44933484988,-86.80557135588606,-19.993810017829837,-66.81176133805621,104919.58908211606,105015.57442824074,104698.16904066241,105318.78789325575,8.443476323736832,,,,
"2025-01-24T06:45:00.000Z",,,,,104972.67182944069,104994.87357963387,104996.54232442396,-112.68770372289873,-17.2667993509704,-95.42090437192833,104923.83908292423,105010.42459643068,104694.47187815409,105313.99701470071,10.200471569260117,,,,
"2025-01-24T06:40:00.000Z",,,,,104973.49272043827,104995.0856777774,104996.6524178518,-148.08686391093943,-13.372068560279445,-134.71479535065998,104929.2155042774,105005.27476462061,104690.77471564575,105309.20613614566,33.51629500684794,,,,
"2025-01-24T06:35:00.000Z",,,,,104978.12670902758,104995.76299947052,104996.99457659485,-155.2447786708217,-7.873505484742302,-147.37127318607938,104944.57078566529,105000.12493281053,104687.07755313742,105304.41525759062,75.43627561826725,,,,
"2025-01-24T06:30:00.000Z",,,,,104989.72698286544,104997.2759969616,104997.75321132975,-83.45866576206754,-1.858351477147225,-81.60031428492032,104980.17113740169,104994.97510100047,104683.3803906291,105299.62437903558,39.776531599636655,,,,
"2025-01-24T06:25:00.000Z",,,,,104995.9080842069,104998.07291925214,104998.15236830429,-46.49192245284212,1.4722735957066655,-47.964196048548786,105002.40852599326,104989.82526919039,104679.68322812078,105294.83350048053,23.01465022319462,,,,
"2025-01-24T06:20:00.000Z",,,,,104999.56637335819,104998.5330341356,104998.38233668552,-24.301538936662837,3.429995883402534,-27.73153482006537,105018.64990764263,104984.67543738033,104675.98606561245,105290.04262192549,7.870327845739666,,,,
"2025-01-24T06:15:00.000Z",,,,,105000.8825518626,104998.68949044707,104998.46008971853,-21.00224764869199,4.561895263813366,-25.564142912505357,105028.20410255823,104979.52560557026,104672.28890310413,105285.25174337043,17.163890368829016,,,,
"2025-01-24T06:10:00.000Z",,,,,105003.75449275493,104999.03119215356,104998.63015252133,2.239672043986502,5.605329668405421,-3.365657624418919,105048.07798981905,104974.37577376018,104668.59174059579,105280.4608648154,19.09435144480085,,,,
"2025-01-24T06:05:00.000Z",,,,,105007.036716949,104999.41059662552,104998.81861347884,40.825699670793256,5.7427034489939475,35.082996221799306,105078.30707129087,104969.22594195012,104664.89457808746,105275.66998626034,-9.224287298275158,,,,
"2025-01-24T06:00:00.000Z",,,,,105005.82352172243,104999.223381571,104998.72364129731,42.75106287345989,4.310744419532751,38.440318453927134,105087.53108303306,104964.07611014004,104661.19741557914,105270.8791077053,3.059431430301629,,,,
"2025-01-24T05:55:00.000Z",,,,,105006.57019607844,104999.28199501247,104998.75166042447,69.91467165420181,2.7417518295765415,67.17291982462527,105140.22061958694,104958.92627832998,104657.50025307082,105266.08822915026,-53.03345879947301,,,,
"2025-01-24T05:50:00.000Z",,,,,104998.22,104998.22,104998.22,0,0,0,104998.22,104953.7764465199,104653.80309056249,105261.29735059521,,,,,
